Team,Logo
Anaheim Ducks,https://content.sportslogos.net/logos/1/1736/thumbs/173616512014.gif
Arizona Coyotes,https://content.sportslogos.net/logos/1/5263/thumbs/526382732022.gif
Boston Bruins,https://content.sportslogos.net/logos/1/3/thumbs/venf9fmhgnsawnxxvehf.gif
Buffalo Sabres,https://content.sportslogos.net/logos/1/4/thumbs/454932021.gif
Calgary Flames,https://content.sportslogos.net/logos/1/5/thumbs/548202021.gif
Carolina Hurricanes,https://content.sportslogos.net/logos/1/6/thumbs/fotih31tn5r345nufo5xxayh3.gif
Chicago Blackhawks,https://content.sportslogos.net/logos/1/7/thumbs/56.gif
Colorado Avalanche,https://content.sportslogos.net/logos/1/8/thumbs/64.gif
Columbus Blue Jackets,https://content.sportslogos.net/logos/1/9/thumbs/jhepegs329pc7ugyypebl28wg.gif
Dallas Stars,https://content.sportslogos.net/logos/1/10/thumbs/1043322022.gif
Detroit Red Wings,https://content.sportslogos.net/logos/1/11/thumbs/yo3wysbjtagzmwj37tb11u0fh.gif
Edmonton Oilers,https://content.sportslogos.net/logos/1/12/thumbs/1229852023.gif
Florida Panthers,https://content.sportslogos.net/logos/1/13/thumbs/1380782017.gif
Los Angeles Kings,https://content.sportslogos.net/logos/1/14/thumbs/1422202020.gif
Minnesota Wild,https://content.sportslogos.net/logos/1/15/thumbs/1588102014.gif
Montreal Canadiens,https://content.sportslogos.net/logos/1/16/thumbs/124.gif
Nashville Predators,https://content.sportslogos.net/logos/1/17/thumbs/lvchw3qfsun2e7oc02kh2zxb6.gif
New Jersey Devils,https://content.sportslogos.net/logos/1/18/thumbs/32tfs723a3bes0p0hb4hgcy1u.gif
New York Islanders,https://content.sportslogos.net/logos/1/19/thumbs/1939112018.gif
New York Rangers,https://content.sportslogos.net/logos/1/20/thumbs/144.gif
Ottawa Senators,https://content.sportslogos.net/logos/1/21/thumbs/2111292021.gif
Philadelphia Flyers,https://content.sportslogos.net/logos/1/22/thumbs/2231452024.gif
Pittsburgh Penguins,https://content.sportslogos.net/logos/1/24/thumbs/2463622017.gif
San Jose Sharks,https://content.sportslogos.net/logos/1/26/thumbs/dmo1xf3z4pph27vmg3gf.gif
Seattle Kraken,https://content.sportslogos.net/logos/1/6740/thumbs/674079522022.gif
St Louis Blues,https://content.sportslogos.net/logos/1/25/thumbs/187.gif
Tampa Bay Lightning,https://content.sportslogos.net/logos/1/27/thumbs/97hhvk8e5if0riesnex30etgz.gif
Toronto Maple Leafs,https://content.sportslogos.net/logos/1/28/thumbs/2887612017.gif
Vancouver Canucks,https://content.sportslogos.net/logos/1/29/thumbs/2920842020.gif
Vegas Golden Knights,https://content.sportslogos.net/logos/1/6114/thumbs/611426842018.gif
Washington Capitals,https://content.sportslogos.net/logos/1/30/thumbs/llrs2zxi127vkqgcsvfb.gif
Winnipeg Jets,https://content.sportslogos.net/logos/1/3050/thumbs/z9qyy9xqoxfjn0njxgzoy2rwk.gif